id;unt_unit;unt_headid;unt_acting_headid;unt_hrpay_id;unt_pap_id;unt_pap_code;unt_pap_active;unt_pap_departmentid;entered_by;entered_date;modified_by;modified_date
1;Springs;54347;58466;Borders New;innovative;Handmade;W;fuchsia Central Soft;99844;2024-01-21T22:38:52;2895;2024-01-21T22:12:42
2;Ball Granite Mountains;87881;17185;content-based reinvent Rest;generate C;Towels;G;integrate;51568;2024-01-21T18:29:49;58878;2024-01-21T18:47:27
3;parsing invoice North;19902;86026;Dynamic;Proactive ;Chips;C;India;66973;2024-01-21T09:36:23;64952;2024-01-21T16:52:06
4;Handmade Internal compress;88086;62807;tangible National;system;Synergized;s;gold Tuvalu invoice;28356;2024-01-21T17:34:36;22783;2024-01-21T06:38:36
5;Distributed Mobility Mississippi;20028;1392;ivory Iowa;Singapore;Handmade;s;blue Pike;58380;2024-01-21T06:19:22;42563;2024-01-21T14:26:58
6;circuit indexing;9980;47589;back-end Concrete;ivory matr;black syst;S;invoice web-enabled ivory;95006;2024-01-21T14:12:37;5508;2024-01-21T22:51:51
7;Account;73045;42687;Accountability mobile;Cayman cal;Fords Repr;T;Communications;36145;2024-01-21T03:01:55;56349;2024-01-21T06:04:07
8;withdrawal Soap;36442;52745;Music FTP;Bike Mouse;benchmark;F;Idaho;23985;2024-01-22T01:42:04;12274;2024-01-21T20:52:45
9;user generate virtual;39620;11650;Bike cyan Cambridgeshire;Legacy inp;Card;i;brand;39288;2024-01-21T23:55:46;35859;2024-01-21T19:16:45
10;Bedfordshire Shirt;83879;39120;Soap transmitter Practical;convergenc;Assurance ;v;Wyoming;52470;2024-01-21T13:58:00;37027;2024-01-21T17:47:56
